_id,_uuid,_timestamp,rpc,_ack_timestamp,_ack_status,timestamp,just_booted,reset_reason,uptime,fw_version,modem_fw_version,rsrp
30497,359404230082423.0,2025-10-01 07:11:44.011206,unlock,2025-10-01 07:11:46.841378,0.0,,,,,,,
30495,359404230082423.0,2025-10-01 07:08:44.881946,unlock,2025-10-01 07:08:47.6444,0.0,,,,,,,
30493,359404230082423.0,2025-10-01 07:07:25.886403,unlock,2025-10-01 07:07:28.281225,0.0,,,,,,,
30492,359404230082423.0,2025-10-01 07:07:06.338205,unlock,2025-10-01 07:07:06.527139,0.0,,,,,,,
30490,359404230082423.0,2025-10-01 06:56:37.199648,unlock,2025-10-01 06:56:37.326844,0.0,,,,,,,
30485,359404230082423.0,2025-10-01 05:56:50.590169,unlock,2025-10-01 05:56:50.76651,0.0,,,,,,,
30478,359404230082423.0,2025-10-01 05:07:54.938149,unlock,2025-10-01 05:07:55.076295,0.0,,,,,,,
30477,359404230082423.0,2025-10-01 05:06:36.150539,unlock,,,,,,,,,
30474,359404230082423.0,2025-10-01 05:00:53.153801,unlock,,,,,,,,,
30471,359404230082423.0,2025-10-01 04:44:08.271659,unlock,,,,,,,,,
30470,359404230082423.0,2025-10-01 04:42:21.404681,unlock,,,,,,,,,
30469,359404230082423.0,2025-10-01 04:38:06.174898,unlock,,,,,,,,,
30468,359404230082423.0,2025-10-01 04:37:58.435582,unlock,,,,,,,,,
30467,359404230082423.0,2025-10-01 04:37:48.561104,unlock,,,,,,,,,
30373,359404230082423.0,2025-09-30 10:59:30.796277,unlock,2025-09-30 10:59:32.230762,0.0,,,,,,,
30367,359404230082423.0,2025-09-30 10:26:43.934322,unlock,2025-09-30 10:26:46.146682,0.0,,,,,,,
30363,359404230082423.0,2025-09-30 09:53:36.222172,unlock,2025-09-30 09:53:36.395317,0.0,,,,,,,
30353,359404230082423.0,2025-09-30 08:32:48.751253,unlock,2025-09-30 08:32:48.95923,0.0,,,,,,,
30342,359404230082423.0,2025-09-30 07:20:41.829774,unlock,2025-09-30 07:20:44.465278,0.0,,,,,,,
30340,359404230082423.0,2025-09-30 07:07:59.389846,unlock,2025-09-30 07:08:01.586473,0.0,,,,,,,
30338,359404230082423.0,2025-09-30 07:06:03.696305,unlock,2025-09-30 07:06:06.395854,0.0,,,,,,,
30332,359404230082423.0,2025-09-30 06:46:02.911051,unlock,2025-09-30 06:46:05.750961,0.0,,,,,,,
30331,359404230082423.0,2025-09-30 06:45:49.823133,unlock,2025-09-30 06:45:49.994123,0.0,,,,,,,
30274,359404230082423.0,2025-09-29 12:28:31.901937,unlock,2025-09-29 12:28:34.870759,0.0,,,,,,,
30272,359404230082423.0,2025-09-29 12:07:30.517839,unlock,2025-09-29 12:07:30.717172,0.0,,,,,,,
30268,359404230082423.0,2025-09-29 10:53:41.99601,unlock,2025-09-29 10:53:42.158338,0.0,,,,,,,
30267,359404230082423.0,2025-09-29 10:53:34.780267,unlock,2025-09-29 10:53:36.311637,0.0,,,,,,,
30265,359404230082423.0,2025-09-29 10:21:07.931338,unlock,2025-09-29 10:21:08.155727,0.0,,,,,,,
30247,359404230082423.0,2025-09-29 07:48:57.424881,unlock,2025-09-29 07:48:59.194676,0.0,,,,,,,
30235,359404230082423.0,2025-09-29 07:14:29.768272,unlock,2025-09-29 07:14:29.997603,0.0,,,,,,,
30233,359404230082423.0,2025-09-29 07:12:24.250002,unlock,2025-09-29 07:12:24.476295,0.0,,,,,,,
30223,359404230082423.0,2025-09-29 06:16:00.244598,unlock,2025-09-29 06:16:00.396437,0.0,,,,,,,
30213,359404230082423.0,2025-09-29 05:04:30.272658,unlock,2025-09-29 05:04:30.548366,0.0,,,,,,,
30180,359404230082423.0,2025-09-28 15:53:37.803146,unlock,2025-09-28 15:53:37.999141,0.0,,,,,,,
30001,359404230082423.0,2025-09-26 21:36:58.841594,unlock,,,,,,,,,
29956,359404230082423.0,2025-09-26 12:22:32.314791,unlock,2025-09-26 12:22:32.556895,0.0,,,,,,,
29954,359404230082423.0,2025-09-26 11:37:38.301048,unlock,2025-09-26 11:37:40.959545,0.0,,,,,,,
29951,359404230082423.0,2025-09-26 11:07:09.894398,unlock,2025-09-26 11:07:10.078897,0.0,,,,,,,
29935,359404230082423.0,2025-09-26 09:46:57.224947,unlock,2025-09-26 09:46:57.439248,0.0,,,,,,,
29932,359404230082423.0,2025-09-26 09:23:02.015855,unlock,2025-09-26 09:23:03.98968,0.0,,,,,,,
29911,359404230082423.0,2025-09-26 07:07:55.357223,unlock,2025-09-26 07:07:56.633378,0.0,,,,,,,
29821,359404230082423.0,2025-09-25 12:20:27.333256,unlock,2025-09-25 12:20:28.47343,0.0,,,,,,,
29812,359404230082423.0,2025-09-25 12:01:44.50513,unlock,2025-09-25 12:01:44.725282,0.0,,,,,,,
29806,359404230082423.0,2025-09-25 11:29:50.272458,unlock,2025-09-25 11:29:50.504529,0.0,,,,,,,
232415,359404230082423.0,,,,,2025-10-01 05:07:54.598133,t,16.0,161.0,v0.0.3-45-g6b77131c-dirty,mfw_nrf91x1_2.0.1,-92.0
231969,359404230082423.0,,,,,2025-09-30 04:01:02.792438,t,0.0,31.0,v0.0.3-45-g6b77131c-dirty,mfw_nrf91x1_2.0.1,-95.0
230880,359404230082423.0,,,,,2025-09-29 04:00:52.707844,t,0.0,21.0,v0.0.3-45-g6b77131c-dirty,mfw_nrf91x1_2.0.1,-93.0
229781,359404230082423.0,,,,,2025-09-28 07:09:32.308416,t,0.0,11341.0,v0.0.3-45-g6b77131c-dirty,mfw_nrf91x1_2.0.1,-96.0
229660,359404230082423.0,,,,,2025-09-28 04:00:48.789981,t,0.0,17.0,v0.0.3-45-g6b77131c-dirty,mfw_nrf91x1_2.0.1,-96.0
228500,359404230082423.0,,,,,2025-09-27 04:01:08.077174,t,0.0,36.0,v0.0.3-45-g6b77131c-dirty,mfw_nrf91x1_2.0.1,-92.0
227322,359404230082423.0,,,,,2025-09-26 04:01:06.632236,t,0.0,34.0,v0.0.3-45-g6b77131c-dirty,mfw_nrf91x1_2.0.1,-96.0
227315,359404230082423.0,,,,,2025-09-26 03:39:22.471295,t,0.0,26.0,v0.0.3-45-g6b77131c-dirty,mfw_nrf91x1_2.0.1,-94.0
227295,359404230082423.0,,,,,2025-09-26 03:15:54.315018,t,0.0,27.0,v0.0.3-45-g6b77131c-dirty,mfw_nrf91x1_2.0.1,-97.0
226050,359404230082423.0,,,,,2025-09-25 04:01:05.351139,t,0.0,33.0,v0.0.3-45-g6b77131c-dirty,mfw_nrf91x1_2.0.1,-96.0
224726,359404230082423.0,,,,,2025-09-24 07:48:06.395869,t,0.0,13854.0,v0.0.3-45-g6b77131c-dirty,mfw_nrf91x1_2.0.1,-95.0
224671,359404230082423.0,,,,,2025-09-24 07:08:10.629308,t,0.0,11458.0,v0.0.3-45-g6b77131c-dirty,mfw_nrf91x1_2.0.1,-98.0
224474,359404230082423.0,,,,,2025-09-24 03:57:32.792756,t,0.0,20.0,v0.0.3-45-g6b77131c-dirty,mfw_nrf91x1_2.0.1,-97.0
222829,359404230082423.0,,,,,2025-09-23 04:00:58.589313,t,0.0,26.0,v0.0.3-45-g6b77131c-dirty,mfw_nrf91x1_2.0.1,-95.0
221605,359404230082423.0,,,,,2025-09-22 11:56:16.200967,t,0.0,28545.0,v0.0.3-45-g6b77131c-dirty,mfw_nrf91x1_2.0.1,-85.0
221394,359404230082423.0,,,,,2025-09-22 04:00:43.333563,t,0.0,11.0,v0.0.3-45-g6b77131c-dirty,mfw_nrf91x1_2.0.1,-96.0
220948,359404230082423.0,,,,,2025-09-21 15:04:15.822017,t,0.0,39824.0,v0.0.3-45-g6b77131c-dirty,mfw_nrf91x1_2.0.1,-108.0
220598,359404230082423.0,,,,,2025-09-21 04:01:04.481847,t,0.0,32.0,v0.0.3-45-g6b77131c-dirty,mfw_nrf91x1_2.0.1,-97.0
220075,359404230082423.0,,,,,2025-09-20 12:37:57.685508,t,2.0,18.0,v0.0.3-45-g6b77131c-dirty,mfw_nrf91x1_2.0.1,-97.0
219806,359404230082423.0,,,,,2025-09-20 04:01:07.683975,t,0.0,35.0,v0.0.3-45-g6b77131c-dirty,mfw_nrf91x1_2.0.1,-96.0
219602,359404230082423.0,,,,,2025-09-19 19:51:56.645607,t,0.0,25.0,v0.0.3-45-g6b77131c-dirty,mfw_nrf91x1_2.0.1,-95.0
219009,359404230082423.0,,,,,2025-09-19 04:00:44.861794,t,0.0,12.0,v0.0.3-45-g6b77131c-dirty,mfw_nrf91x1_2.0.1,-96.0
218694,359404230082423.0,,,,,2025-09-18 17:50:57.684036,t,2.0,18.0,v0.0.3-45-g6b77131c-dirty,mfw_nrf91x1_2.0.1,-92.0
218603,359404230082423.0,,,,,2025-09-18 15:31:33.521089,t,2.0,33.0,v0.0.3-45-g6b77131c-dirty,mfw_nrf91x1_2.0.1,-95.0
218157,359404230082423.0,,,,,2025-09-18 04:01:05.123164,t,0.0,32.0,v0.0.3-45-g6b77131c-dirty,mfw_nrf91x1_2.0.1,-99.0
217931,359404230082423.0,,,,,2025-09-17 19:27:17.368752,t,0.0,19.0,v0.0.3-45-g6b77131c-dirty,mfw_nrf91x1_2.0.1,-95.0
217406,359404230082423.0,,,,,2025-09-17 04:00:47.6826,t,0.0,15.0,v0.0.3-45-g6b77131c-dirty,mfw_nrf91x1_2.0.1,-97.0
216710,359404230082423.0,,,,,2025-09-16 04:01:06.078258,t,0.0,33.0,v0.0.3-45-g6b77131c-dirty,mfw_nrf91x1_2.0.1,-97.0
216707,359404230082423.0,,,,,2025-09-16 03:55:01.102581,t,0.0,6.0,v0.0.3-45-g6b77131c-dirty,mfw_nrf91x1_2.0.1,-96.0
216092,359404230082423.0,,,,,2025-09-15 04:00:58.646182,t,0.0,25.0,v0.0.3-45-g6b77131c-dirty,mfw_nrf91x1_2.0.1,-97.0
215545,359404230082423.0,,,,,2025-09-14 04:00:48.782783,t,0.0,15.0,v0.0.3-45-g6b77131c-dirty,mfw_nrf91x1_2.0.1,-95.0
214927,359404230082423.0,,,,,2025-09-13 04:00:45.09806,t,0.0,12.0,v0.0.3-45-g6b77131c-dirty,mfw_nrf91x1_2.0.1,-94.0
214360,359404230082423.0,,,,,2025-09-12 04:00:52.21982,t,0.0,19.0,v0.0.3-45-g6b77131c-dirty,mfw_nrf91x1_2.0.1,-96.0
213744,359404230082423.0,,,,,2025-09-11 06:44:00.822603,t,2.0,2905.0,v0.0.3-45-g6b77131c-dirty,mfw_nrf91x1_2.0.1,-99.0
213234,359404230082423.0,,,,,2025-09-10 04:00:56.388604,t,0.0,22.0,v0.0.3-45-g6b77131c-dirty,mfw_nrf91x1_2.0.1,-97.0
212739,359404230082423.0,,,,,2025-09-09 04:01:05.440588,t,0.0,31.0,v0.0.3-45-g6b77131c-dirty,mfw_nrf91x1_2.0.1,-97.0
212734,359404230082423.0,,,,,2025-09-09 03:49:43.836592,t,0.0,15.0,v0.0.3-45-g6b77131c-dirty,mfw_nrf91x1_2.0.1,-96.0
212511,359404230082423.0,,,,,2025-09-08 15:17:24.784362,t,2.0,33585.0,v0.0.3-45-g6b77131c-dirty,mfw_nrf91x1_2.0.1,-112.0
212383,359404230082423.0,,,,,2025-09-08 06:42:05.761387,t,2.0,2665.0,v0.0.3-45-g6b77131c-dirty,mfw_nrf91x1_2.0.1,-111.0
212338,359404230082423.0,,,,,2025-09-07 10:13:22.242378,t,2.0,1997.0,v0.0.3-45-g6b77131c-dirty,mfw_nrf91x1_2.0.1,-106.0
212009,359404230082423.0,,,,,2025-09-06 09:40:43.836006,t,2.0,18.0,v0.0.3-45-g6b77131c-dirty,mfw_nrf91x1_2.0.1,-96.0
211894,359404230082423.0,,,,,2025-09-06 04:00:52.563809,t,0.0,18.0,v0.0.3-45-g6b77131c-dirty,mfw_nrf91x1_2.0.1,-96.0
211369,359404230082423.0,,,,,2025-09-05 04:00:43.848859,t,0.0,9.0,v0.0.3-45-g6b77131c-dirty,mfw_nrf91x1_2.0.1,-100.0
210842,359404230082423.0,,,,,2025-09-04 04:00:48.455061,t,0.0,14.0,v0.0.3-45-g6b77131c-dirty,mfw_nrf91x1_2.0.1,-100.0
