  _id , _uuid ,_timestamp ,rpc   ,_ack_timestamp,_ack_status
30531,351901930025949,2025-10-01 14:47:19.774891,unlock,2025-10-01 14:47:19.926018,
30530,351901930025949,2025-10-01 14:45:53.533887,unlock,2025-10-01 14:45:55.522968,
30529,351901930025949,2025-10-01 14:45:19.589757,unlock,2025-10-01 14:45:19.764,
30402,351901930025949,2025-09-30 15:16:09.248333,unlock,,
30401,351901930025949,2025-09-30 15:15:30.449507,unlock,,
30400,351901930025949,2025-09-30 15:15:13.490872,unlock,,
30399,351901930025949,2025-09-30 15:14:50.232598,unlock,,
30398,351901930025949,2025-09-30 15:13:25.232142,unlock,,
30397,351901930025949,2025-09-30 15:11:49.606029,unlock,,
30396,351901930025949,2025-09-30 15:11:39.949504,unlock,,
30395,351901930025949,2025-09-30 15:10:30.885442,unlock,,
30394,351901930025949,2025-09-30 15:04:24.372674,unlock,,
30393,351901930025949,2025-09-30 15:03:15.188246,unlock,,
30358,351901930025949,2025-09-30 08:48:52.18235,unlock,2025-09-30 08:48:52.39559,
30277,351901930025949,2025-09-29 12:30:43.496852,unlock,2025-09-29 12:30:45.42969,
30276,351901930025949,2025-09-29 12:30:08.912483,unlock,2025-09-29 12:30:09.119524,
30184,351901930025949,2025-09-28 16:46:30.644291,unlock,2025-09-28 16:46:32.741071,
30172,351901930025949,2025-09-28 14:56:42.012918,unlock,2025-09-28 14:56:59.448343,
30171,351901930025949,2025-09-28 14:48:28.303417,unlock,2025-09-28 14:48:37.845128,
30166,351901930025949,2025-09-28 13:37:03.823119,unlock,2025-09-28 13:37:16.087686,
30165,351901930025949,2025-09-28 13:35:59.779763,unlock,2025-09-28 13:36:09.203452,
30164,351901930025949,2025-09-28 13:35:30.740665,unlock,2025-09-28 13:35:35.770821,
30140,351901930025949,2025-09-28 08:51:33.373638,unlock,2025-09-28 08:51:43.446514,
30139,351901930025949,2025-09-28 08:51:26.763594,unlock,,
30123,351901930025949,2025-09-28 07:12:02.017265,unlock,2025-09-28 07:12:31.125614,
29856,351901930025949,2025-09-25 15:08:47.506305,unlock,2025-09-25 15:08:48.02306,
29721,351901930025949,2025-09-24 14:30:02.215479,unlock,2025-09-24 14:30:02.493037,
29692,351901930025949,2025-09-24 09:42:29.946115,unlock,2025-09-24 09:42:31.38173,
29383,351901930025949,2025-09-21 13:52:04.702607,unlock,2025-09-21 13:52:05.114215,
29381,351901930025949,2025-09-21 13:20:50.567854,unlock,2025-09-21 13:20:51.517675,
29355,351901930025949,2025-09-21 07:25:51.736317,unlock,2025-09-21 07:25:52.954192,
29318,351901930025949,2025-09-20 15:37:00.082479,unlock,2025-09-20 15:37:00.562341,
29257,351901930025949,2025-09-19 19:24:24.191669,unlock,2025-09-19 19:24:25.292627,
29172,351901930025949,2025-09-18 16:43:41.793316,unlock,2025-09-18 16:43:42.39653,
29162,351901930025949,2025-09-18 15:52:28.300821,unlock,2025-09-18 15:52:29.115528,
29159,351901930025949,2025-09-18 15:33:10.573334,unlock,2025-09-18 15:33:10.800714,
29158,351901930025949,2025-09-18 15:32:08.859359,unlock,2025-09-18 15:32:09.120503,
29037,351901930025949,2025-09-17 14:53:37.94766,unlock,2025-09-17 14:53:38.220417,
29036,351901930025949,2025-09-17 14:53:34.086781,unlock,2025-09-17 14:53:35.013296,
29035,351901930025949,2025-09-17 14:52:34.945382,unlock,2025-09-17 14:52:35.493308,
28960,351901930025949,2025-09-16 15:02:46.253791,unlock,2025-09-16 15:02:46.703065,
28865,351901930025949,2025-09-15 13:44:10.265416,unlock,2025-09-15 13:44:11.194617,
28804,351901930025949,2025-09-14 16:29:29.098653,unlock,2025-09-14 16:29:31.048844,
28779,351901930025949,2025-09-14 13:53:47.252942,unlock,2025-09-14 13:53:47.841706,
28763,351901930025949,2025-09-14 10:59:53.708696,unlock,2025-09-14 10:59:54.000176,
28762,351901930025949,2025-09-14 10:45:27.19669,unlock,2025-09-14 10:45:27.434118,
28760,351901930025949,2025-09-14 10:00:32.234044,unlock,2025-09-14 10:00:32.958893,
28744,351901930025949,2025-09-14 07:24:20.344032,unlock,2025-09-14 07:24:21.434798,
28543,351901930025949,2025-09-11 14:37:24.18477,unlock,2025-09-11 14:37:24.79634,
28487,351901930025949,2025-09-11 04:16:28.599154,unlock,,
28486,351901930025949,2025-09-11 04:16:20.155718,unlock,,
28485,351901930025949,2025-09-11 04:16:13.027704,unlock,,
28484,351901930025949,2025-09-11 04:15:18.89408,unlock,,
28483,351901930025949,2025-09-11 04:14:26.857291,unlock,,
28482,351901930025949,2025-09-11 04:13:13.030714,unlock,,
28481,351901930025949,2025-09-11 04:11:17.447333,unlock,,
28480,351901930025949,2025-09-11 04:10:41.352437,unlock,,
28479,351901930025949,2025-09-11 03:55:07.592347,unlock,,
28478,351901930025949,2025-09-11 03:54:52.51667,unlock,,
28477,351901930025949,2025-09-11 03:54:38.163865,unlock,,
28476,351901930025949,2025-09-11 03:54:07.483492,unlock,,
28475,351901930025949,2025-09-11 03:54:00.213846,unlock,,
28474,351901930025949,2025-09-11 03:53:46.630319,unlock,,
28473,351901930025949,2025-09-11 03:53:37.347781,unlock,,
28472,351901930025949,2025-09-11 03:53:04.73244,unlock,,
28471,351901930025949,2025-09-11 03:52:55.425816,unlock,,
28470,351901930025949,2025-09-11 03:52:39.995227,unlock,,
28469,351901930025949,2025-09-11 03:52:29.435663,unlock,,
28382,351901930025949,2025-09-10 14:02:56.259643,unlock,2025-09-10 14:02:56.929253,
28272,351901930025949,2025-09-09 15:02:26.431588,unlock,2025-09-09 15:02:26.613843,
28191,351901930025949,2025-09-08 14:22:13.834195,unlock,2025-09-08 14:22:14.6906,
28190,351901930025949,2025-09-08 14:15:34.336516,unlock,2025-09-08 14:15:35.332937,
27982,351901930025949,2025-09-07 13:53:40.857581,unlock,,
27980,351901930025949,2025-09-07 13:53:29.105506,unlock,,
27934,351901930025949,2025-09-07 10:10:43.004275,unlock,,
27922,351901930025949,2025-09-06 14:41:54.492113,unlock,2025-09-06 14:41:55.519646,
27723,351901930025949,2025-09-04 17:00:52.876034,unlock,2025-09-04 17:00:53.015522,
27705,351901930025949,2025-09-04 15:10:41.304144,unlock,2025-09-04 15:10:41.736698,
27580,351901930025949,2025-09-03 14:47:12.980344,unlock,2025-09-03 14:47:13.573386,
27291,351901930025949,2025-08-31 13:52:45.79952,unlock,2025-08-31 13:52:46.398222,
26851,351901930025949,2025-08-28 15:02:01.227184,unlock,2025-08-28 15:02:01.913462,
26850,351901930025949,2025-08-28 15:01:46.178718,unlock,2025-08-28 15:01:47.198216,
26769,351901930025949,2025-08-27 14:42:09.449941,unlock,2025-08-27 14:42:12.136157,
26427,351901930025949,2025-08-26 15:01:42.309727,unlock,2025-08-26 15:01:43.362874,
26305,351901930025949,2025-08-25 14:08:15.140195,unlock,2025-08-25 14:08:15.356723,
26214,351901930025949,2025-08-24 13:48:49.648012,unlock,2025-08-24 13:48:52.157105,
25902,351901930025949,2025-08-23 09:31:04.637937,unlock,2025-08-23 09:31:05.542028,
25545,351901930025949,2025-08-20 14:48:46.102306,unlock,2025-08-20 14:48:48.960241,
25373,351901930025949,2025-08-19 15:21:16.231467,unlock,2025-08-19 15:21:17.115046,
25065,351901930025949,2025-08-17 14:05:25.012594,unlock,2025-08-17 14:05:26.077617,
24732,351901930025949,2025-08-13 15:26:35.562248,unlock,2025-08-13 15:26:35.998384,
24701,351901930025949,2025-08-13 07:46:10.077211,unlock,2025-08-13 07:46:10.877338,
24473,351901930025949,2025-08-10 13:54:04.501746,unlock,2025-08-10 13:54:09.610669,
24228,351901930025949,2025-08-09 10:21:32.96636,unlock,2025-08-09 10:21:33.752677,
24217,351901930025949,2025-08-09 08:52:54.184518,unlock,2025-08-09 08:52:54.715733,
24201,351901930025949,2025-08-09 07:39:49.029209,unlock,2025-08-09 07:39:49.201355,
24100,351901930025949,2025-08-08 12:44:11.573278,unlock,2025-08-08 12:44:11.738342,
23995,351901930025949,2025-08-08 03:48:00.142109,unlock,2025-08-08 03:48:01.018722,
23994,351901930025949,2025-08-08 03:47:43.233494,unlock,2025-08-08 03:47:44.368959,
23855,351901930025949,2025-08-06 15:37:41.534775,unlock,2025-08-06 15:37:42.049006,
23764,351901930025949,2025-08-05 15:17:39.797403,unlock,2025-08-05 15:17:40.21249,
23675,351901930025949,2025-08-04 14:17:58.971234,unlock,2025-08-04 14:17:59.967838,
23568,351901930025949,2025-08-03 12:15:15.159615,unlock,2025-08-03 12:15:16.136759,
23535,351901930025949,2025-08-03 08:15:30.378717,unlock,2025-08-03 08:15:30.851931,
23400,351901930025949,2025-08-01 14:44:07.735594,unlock,2025-08-01 14:44:08.613897,
23297,351901930025949,2025-07-30 15:26:40.265456,unlock,2025-07-30 15:26:40.562274,
23275,351901930025949,2025-07-30 09:23:11.352959,unlock,2025-07-30 09:23:14.237095,
23100,351901930025949,2025-07-27 17:50:07.870139,unlock,2025-07-27 17:50:08.380804,
23088,351901930025949,2025-07-27 13:57:11.752797,unlock,2025-07-27 13:57:14.133238,
22720,351901930025949,2025-07-23 15:15:47.171016,unlock,2025-07-23 15:15:48.130745,
22685,351901930025949,2025-07-22 16:21:15.817859,unlock,2025-07-22 16:21:16.638413,
22682,351901930025949,2025-07-22 16:03:00.761583,unlock,2025-07-22 16:03:01.516768,
22679,351901930025949,2025-07-22 14:20:01.101017,unlock,2025-07-22 14:20:01.596345,
22678,351901930025949,2025-07-22 14:19:46.726391,unlock,2025-07-22 14:19:47.519814,
22676,351901930025949,2025-07-22 12:55:19.620794,unlock,2025-07-22 12:55:20.635648,
22642,351901930025949,2025-07-21 15:28:49.445958,unlock,2025-07-21 15:28:50.331868,
22586,351901930025949,2025-07-20 13:59:58.082081,unlock,2025-07-20 13:59:59.0183,
22519,351901930025949,2025-07-19 17:26:55.538728,unlock,2025-07-19 17:26:56.483083,
22518,351901930025949,2025-07-19 17:14:16.518724,unlock,2025-07-19 17:14:17.251711,
22368,351901930025949,2025-07-17 13:14:36.150596,unlock,2025-07-17 13:14:37.285166,
22366,351901930025949,2025-07-17 12:02:11.510357,unlock,2025-07-17 12:02:12.142229,
22010,351901930025949,2025-07-13 09:09:07.960429,unlock,2025-07-13 09:09:08.774996,
22007,351901930025949,2025-07-13 08:54:05.241321,unlock,2025-07-13 08:54:05.736597,
21870,351901930025949,2025-07-11 17:39:22.55088,unlock,2025-07-11 17:39:23.177703,
21869,351901930025949,2025-07-11 17:39:12.388544,unlock,2025-07-11 17:39:12.701574,
21851,351901930025949,2025-07-11 08:49:52.538375,unlock,2025-07-11 08:49:53.577509,
21753,351901930025949,2025-07-10 09:14:22.022177,unlock,2025-07-10 09:14:23.041974,
21742,351901930025949,2025-07-10 08:01:59.907641,unlock,2025-07-10 08:02:00.636485,
21698,351901930025949,2025-07-09 15:22:10.779932,unlock,2025-07-09 15:22:11.521868,
21469,351901930025949,2025-07-07 14:57:09.638866,unlock,2025-07-07 14:57:13.202307,
21344,351901930025949,2025-07-06 13:41:32.065689,unlock,2025-07-06 13:41:33.119404,
21316,351901930025949,2025-07-06 07:54:33.730528,unlock,2025-07-06 07:54:34.08656,
20930,351901930025949,2025-07-02 15:21:05.088826,unlock,2025-07-02 15:21:05.330826,
20579,351901930025949,2025-06-29 13:49:50.583039,unlock,2025-06-29 13:49:53.767911,
20547,351901930025949,2025-06-29 07:27:36.291633,unlock,2025-06-29 07:27:37.278684,
20246,351901930025949,2025-06-26 15:04:25.859477,unlock,2025-06-26 15:04:26.557764,
20235,351901930025949,2025-06-26 14:06:00.409623,unlock,2025-06-26 14:06:01.393051,
20120,351901930025949,2025-06-25 15:30:10.749896,unlock,2025-06-25 15:30:11.520618,
19895,351901930025949,2025-06-24 06:30:28.759225,unlock,2025-06-24 06:30:31.364401,
19758,351901930025949,2025-06-22 17:29:45.943748,unlock,2025-06-22 17:29:46.561103,
19745,351901930025949,2025-06-22 14:58:21.314015,unlock,2025-06-22 14:58:22.399429,
19668,351901930025949,2025-06-21 11:06:01.682308,unlock,2025-06-21 11:06:02.161506,
19522,351901930025949,2025-06-19 08:42:45.316506,unlock,2025-06-19 08:42:46.081254,
19480,351901930025949,2025-06-18 17:16:34.760049,unlock,2025-06-18 17:16:35.523581,
19479,351901930025949,2025-06-18 17:00:57.938479,unlock,2025-06-18 17:00:58.561979,
19075,351901930025949,2025-06-15 13:48:15.058856,unlock,2025-06-15 13:48:15.650933,
18840,351901930025949,2025-06-12 15:09:12.415706,unlock,2025-06-12 15:09:13.248259,
18783,351901930025949,2025-06-12 06:33:55.53255,unlock,2025-06-12 06:33:55.813926,
18722,351901930025949,2025-06-11 15:46:30.707035,unlock,2025-06-11 15:46:31.330905,
18719,351901930025949,2025-06-11 14:39:29.348745,unlock,2025-06-11 14:39:29.579669,
18627,351901930025949,2025-06-10 15:10:48.226051,unlock,2025-06-10 15:10:48.397312,
18626,351901930025949,2025-06-10 15:09:26.158589,unlock,2025-06-10 15:09:26.886493,
18498,351901930025949,2025-06-09 14:19:34.657066,unlock,2025-06-09 14:19:34.964109,
18391,351901930025949,2025-06-08 13:50:58.461511,unlock,2025-06-08 13:51:01.568392,
18369,351901930025949,2025-06-08 09:57:25.113935,unlock,2025-06-08 09:57:26.047524,
18299,351901930025949,2025-06-07 10:00:11.438698,unlock,2025-06-07 10:00:11.576669,
18247,351901930025949,2025-06-06 14:41:11.98929,unlock,2025-06-06 14:41:12.615526,
18246,351901930025949,2025-06-06 14:40:52.851779,unlock,2025-06-06 14:40:53.415308,
18164,351901930025949,2025-06-05 17:00:20.793333,unlock,2025-06-05 17:00:21.441296,
18163,351901930025949,2025-06-05 16:55:24.051948,unlock,2025-06-05 16:55:25.091436,
18162,351901930025949,2025-06-05 16:47:51.627885,unlock,2025-06-05 16:47:52.611946,
18028,351901930025949,2025-06-04 11:43:03.246843,unlock,2025-06-04 11:43:05.889958,
17952,351901930025949,2025-06-03 15:07:33.029786,unlock,2025-06-03 15:07:34.061716,
17832,351901930025949,2025-06-02 14:21:53.473135,unlock,2025-06-02 14:21:54.699135,
17756,351901930025949,2025-06-01 13:09:52.621247,unlock,2025-06-01 13:09:53.573602,
17755,351901930025949,2025-06-01 13:09:31.90202,unlock,2025-06-01 13:09:32.453594,
17723,351901930025949,2025-06-01 07:14:15.548994,unlock,2025-06-01 07:14:16.6118,
17693,351901930025949,2025-05-31 14:38:52.829334,unlock,2025-05-31 14:38:53.731055,
17569,351901930025949,2025-05-30 13:13:55.078467,unlock,2025-05-30 13:13:56.054286,
17412,351901930025949,2025-05-28 13:28:44.849945,unlock,2025-05-28 13:28:45.975632,
17301,351901930025949,2025-05-27 14:03:05.865813,unlock,2025-05-27 14:03:06.529547,
17214,351901930025949,2025-05-26 14:17:38.491196,unlock,2025-05-26 14:17:39.494931,
17094,351901930025949,2025-05-25 13:01:51.992244,unlock,2025-05-25 13:01:52.93301,
16783,351901930025949,2025-05-22 15:06:18.710588,unlock,2025-05-22 15:06:19.197661,
16631,351901930025949,2025-05-21 14:53:50.678693,unlock,2025-05-21 14:53:51.677407,
16487,351901930025949,2025-05-20 15:05:32.288539,unlock,2025-05-20 15:05:33.124215,
16394,351901930025949,2025-05-19 14:12:44.769164,unlock,2025-05-19 14:12:44.979597,
16288,351901930025949,2025-05-18 13:54:17.629213,unlock,2025-05-18 13:54:20.444009,
16253,351901930025949,2025-05-18 07:22:18.206655,unlock,2025-05-18 07:22:19.249041,
16133,351901930025949,2025-05-16 14:32:20.59855,unlock,2025-05-16 14:32:20.766228,
16027,351901930025949,2025-05-15 15:04:25.387425,unlock,2025-05-15 15:04:25.513723,
15880,351901930025949,2025-05-14 14:05:34.632617,unlock,2025-05-14 14:05:34.765525,
15787,351901930025949,2025-05-13 15:06:09.526671,unlock,2025-05-13 15:06:09.676269,
15624,351901930025949,2025-05-12 14:26:39.088571,unlock,2025-05-12 14:26:40.955007,
15538,351901930025949,2025-05-11 13:54:07.959094,unlock,2025-05-11 13:54:10.231032,
15285,351901930025949,2025-05-08 15:03:14.82823,unlock,2025-05-08 15:03:17.592941,
15154,351901930025949,2025-05-07 14:25:22.841498,unlock,2025-05-07 14:25:23.030659,
15039,351901930025949,2025-05-06 15:07:30.656285,unlock,2025-05-06 15:07:33.43047,
14916,351901930025949,2025-05-05 14:30:38.220132,unlock,2025-05-05 14:30:38.371176,
14800,351901930025949,2025-05-04 13:55:10.078787,unlock,2025-05-04 13:55:11.67073,
14702,351901930025949,2025-05-03 09:48:00.386323,unlock,2025-05-03 09:48:01.486577,
14661,351901930025949,2025-05-02 14:37:28.781039,unlock,2025-05-02 14:37:28.919687,
14435,351901930025949,2025-04-29 15:02:11.144045,unlock,2025-04-29 15:02:11.250312,
14239,351901930025949,2025-04-28 14:18:39.91898,unlock,2025-04-28 14:18:40.054872,
14168,351901930025949,2025-04-27 13:54:11.709375,unlock,2025-04-27 13:54:18.139668,
14160,351901930025949,2025-04-27 11:55:59.518397,unlock,2025-04-27 11:56:01.585318,
14144,351901930025949,2025-04-27 07:22:45.80631,unlock,2025-04-27 07:22:49.237116,
14128,351901930025949,2025-04-26 14:04:33.654193,unlock,2025-04-26 14:04:33.829725,
14125,351901930025949,2025-04-26 13:36:26.395696,unlock,2025-04-26 13:36:27.830877,
14121,351901930025949,2025-04-26 11:14:55.927761,unlock,2025-04-26 11:14:56.366125,
13969,351901930025949,2025-04-25 05:15:35.734879,unlock,2025-04-25 05:15:38.557347,
13919,351901930025949,2025-04-24 15:18:54.692813,unlock,2025-04-24 15:18:54.92739,
13775,351901930025949,2025-04-23 13:59:29.425133,unlock,2025-04-23 13:59:29.67612,
13684,351901930025949,2025-04-22 15:00:11.673303,unlock,2025-04-22 15:00:13.089875,
13572,351901930025949,2025-04-21 10:57:30.672008,unlock,2025-04-21 10:57:31.808645,
13517,351901930025949,2025-04-20 10:00:15.985832,unlock,2025-04-20 10:00:32.11501,
13516,351901930025949,2025-04-20 10:00:09.234499,unlock,,
13515,351901930025949,2025-04-20 10:00:02.911616,unlock,,
13512,351901930025949,2025-04-20 09:48:21.436902,unlock,2025-04-20 09:48:21.965382,
13502,351901930025949,2025-04-20 07:27:38.177948,unlock,2025-04-20 07:27:38.323464,
13466,351901930025949,2025-04-19 07:50:52.700598,unlock,2025-04-19 07:51:01.797599,
13465,351901930025949,2025-04-19 07:50:41.699354,unlock,,
13464,351901930025949,2025-04-19 07:50:31.039957,unlock,,
13463,351901930025949,2025-04-19 07:49:26.651813,unlock,2025-04-19 07:49:26.795125,
13417,351901930025949,2025-04-18 09:11:04.96247,unlock,2025-04-18 09:11:05.170377,
13364,351901930025949,2025-04-17 15:28:14.862094,unlock,2025-04-17 15:28:17.592535,
13281,351901930025949,2025-04-16 14:51:11.098801,unlock,2025-04-16 14:51:16.83867,
13179,351901930025949,2025-04-15 07:33:48.902681,unlock,2025-04-15 07:33:49.031764,
13178,351901930025949,2025-04-15 07:33:38.718386,unlock,2025-04-15 07:33:38.951848,
13032,351901930025949,2025-04-13 13:50:36.749995,unlock,2025-04-13 13:50:37.758801,
13030,351901930025949,2025-04-13 13:27:48.495777,unlock,2025-04-13 13:27:48.686863,
13024,351901930025949,2025-04-13 11:15:39.488274,unlock,2025-04-13 11:15:39.648443,
13022,351901930025949,2025-04-13 11:06:18.650923,unlock,2025-04-13 11:06:19.194114,
12997,351901930025949,2025-04-13 07:22:42.758949,unlock,2025-04-13 07:22:42.925534,
12714,351901930025949,2025-04-10 15:01:32.598936,unlock,2025-04-10 15:01:32.769086,
12597,351901930025949,2025-04-09 14:23:22.030719,unlock,2025-04-09 14:23:22.133847,
12351,351901930025949,2025-04-08 15:07:44.912915,unlock,2025-04-08 15:07:46.460564,
12110,351901930025949,2025-04-06 13:52:35.863451,unlock,2025-04-06 13:52:36.043621,
12091,351901930025949,2025-04-06 07:16:02.899695,unlock,2025-04-06 07:16:05.429825,
12062,351901930025949,2025-04-05 12:15:35.451833,unlock,2025-04-05 12:15:35.570685,
12060,351901930025949,2025-04-05 12:04:33.694135,unlock,2025-04-05 12:04:33.84205,
11977,351901930025949,2025-04-04 14:36:19.274553,unlock,2025-04-04 14:36:22.158946,
11903,351901930025949,2025-04-03 15:04:30.944131,unlock,2025-04-03 15:04:31.087905,
11779,351901930025949,2025-04-02 14:45:52.246312,unlock,2025-04-02 14:45:52.924876,
11777,351901930025949,2025-04-02 14:45:39.036514,unlock,2025-04-02 14:45:39.248911,
11694,351901930025949,2025-04-01 15:13:37.324796,unlock,2025-04-01 15:13:39.404761,
11538,351901930025949,2025-03-31 14:07:49.664613,unlock,2025-03-31 14:07:51.970077,
11537,351901930025949,2025-03-31 14:02:56.98848,unlock,2025-03-31 14:02:57.56374,
11414,351901930025949,2025-03-30 13:51:25.985541,unlock,2025-03-30 13:51:26.554695,
11388,351901930025949,2025-03-30 09:51:35.505638,unlock,2025-03-30 09:51:41.3077,
11349,351901930025949,2025-03-29 10:58:22.007633,unlock,2025-03-29 10:58:22.952021,
11288,351901930025949,2025-03-28 15:42:18.437101,unlock,2025-03-28 15:42:18.700976,
11277,351901930025949,2025-03-28 12:43:52.567549,unlock,2025-03-28 12:43:52.685297,
11174,351901930025949,2025-03-27 16:02:31.909015,unlock,2025-03-27 16:02:33.270806,
11098,351901930025949,2025-03-26 15:50:29.558523,unlock,2025-03-26 15:50:31.427875,
10936,351901930025949,2025-03-25 16:02:47.266748,unlock,2025-03-25 16:02:48.68429,
10738,351901930025949,2025-03-23 14:47:59.425133,unlock,2025-03-23 14:48:01.248036,
10719,351901930025949,2025-03-23 08:24:13.816757,unlock,2025-03-23 08:24:13.964672,
10577,351901930025949,2025-03-20 16:03:22.673302,unlock,2025-03-20 16:03:24.469831,
10576,351901930025949,2025-03-20 16:03:07.961046,unlock,2025-03-20 16:03:08.151921,
10474,351901930025949,2025-03-19 15:46:41.534196,unlock,2025-03-19 15:46:43.437256,
10473,351901930025949,2025-03-19 15:36:56.403646,unlock,2025-03-19 15:36:56.557262,
10471,351901930025949,2025-03-19 15:33:35.182086,unlock,2025-03-19 15:33:37.484629,
10467,351901930025949,2025-03-19 15:25:59.178704,unlock,2025-03-19 15:26:01.890453,
10382,351901930025949,2025-03-18 16:03:56.692961,unlock,2025-03-18 16:03:56.88126,
10289,351901930025949,2025-03-17 15:28:59.663871,unlock,2025-03-17 15:28:59.885066,
10226,351901930025949,2025-03-16 14:48:07.948902,unlock,2025-03-16 14:48:08.607366,
10187,351901930025949,2025-03-16 08:22:26.970182,unlock,2025-03-16 08:22:27.895088,
10104,351901930025949,2025-03-14 15:36:54.717734,unlock,2025-03-14 15:36:54.948961,
10009,351901930025949,2025-03-13 16:01:32.287347,unlock,2025-03-13 16:01:34.391434,
9948,351901930025949,2025-03-12 16:23:13.74999,unlock,2025-03-12 16:23:14.848863,
9947,351901930025949,2025-03-12 16:21:57.910763,unlock,2025-03-12 16:21:58.12473,
9946,351901930025949,2025-03-12 16:19:13.320996,unlock,2025-03-12 16:19:13.491362,
9945,351901930025949,2025-03-12 16:16:04.351146,unlock,2025-03-12 16:16:07.328553,
9943,351901930025949,2025-03-12 16:14:28.375365,unlock,2025-03-12 16:14:28.528522,
9942,351901930025949,2025-03-12 16:11:34.272609,unlock,2025-03-12 16:11:34.455315,
9941,351901930025949,2025-03-12 16:09:23.348337,unlock,2025-03-12 16:09:25.404337,
9939,351901930025949,2025-03-12 15:51:06.951481,unlock,2025-03-12 15:51:07.081425,
9938,351901930025949,2025-03-12 15:50:22.255845,unlock,2025-03-12 15:50:23.560525,
9937,351901930025949,2025-03-12 15:47:42.985257,unlock,2025-03-12 15:47:43.15713,
9936,351901930025949,2025-03-12 15:47:20.217224,unlock,2025-03-12 15:47:21.881037,
9934,351901930025949,2025-03-12 15:42:22.938808,unlock,2025-03-12 15:42:24.850039,
9932,351901930025949,2025-03-12 15:40:48.255948,unlock,2025-03-12 15:40:50.120652,
9859,351901930025949,2025-03-11 16:39:41.591363,unlock,,
9858,351901930025949,2025-03-11 16:36:26.566321,unlock,,
9857,351901930025949,2025-03-11 16:33:27.54985,unlock,,
9856,351901930025949,2025-03-11 16:23:16.244142,unlock,,
9855,351901930025949,2025-03-11 16:23:06.725869,unlock,,
9854,351901930025949,2025-03-11 16:22:38.514482,unlock,,
9853,351901930025949,2025-03-11 16:22:09.937263,unlock,,
9852,351901930025949,2025-03-11 16:18:26.488747,unlock,,
9851,351901930025949,2025-03-11 16:17:18.54527,unlock,,
9842,351901930025949,2025-03-11 14:16:32.384279,unlock,2025-03-11 14:16:34.120213,
9841,351901930025949,2025-03-11 14:16:11.517327,unlock,2025-03-11 14:16:13.72343,
9840,351901930025949,2025-03-11 14:15:53.821518,unlock,2025-03-11 14:15:53.96314,
9839,351901930025949,2025-03-11 14:15:43.33594,unlock,2025-03-11 14:15:45.48366,
9838,351901930025949,2025-03-11 14:15:04.27057,unlock,2025-03-11 14:15:07.318215,
9837,351901930025949,2025-03-11 14:14:47.965908,unlock,2025-03-11 14:14:49.401995,
9752,351901930025949,2025-03-10 16:48:47.448994,unlock,,
9736,351901930025949,2025-03-10 15:18:36.574922,unlock,2025-03-10 15:18:37.114254,
9668,351901930025949,2025-03-09 14:49:29.038539,unlock,2025-03-09 14:49:29.909159,
9661,351901930025949,2025-03-09 08:04:25.223132,unlock,2025-03-09 08:04:25.677788,
9637,351901930025949,2025-03-08 16:13:08.325235,unlock,2025-03-08 16:13:08.560291,
9604,351901930025949,2025-03-08 08:28:50.634538,unlock,2025-03-08 08:28:50.956372,
9574,351901930025949,2025-03-07 15:39:15.263137,unlock,2025-03-07 15:39:16.134419,
9573,351901930025949,2025-03-07 15:39:01.809861,unlock,2025-03-07 15:39:02.693584,
9547,351901930025949,2025-03-07 06:30:08.861573,unlock,2025-03-07 06:30:09.572039,
9512,351901930025949,2025-03-06 16:51:12.785454,unlock,2025-03-06 16:51:13.569613,
9511,351901930025949,2025-03-06 16:50:00.894146,unlock,2025-03-06 16:50:01.337138,
9486,351901930025949,2025-03-06 16:00:30.608821,unlock,2025-03-06 16:00:31.651533,
9483,351901930025949,2025-03-06 15:56:21.677152,unlock,2025-03-06 15:56:22.69236,
9408,351901930025949,2025-03-05 15:47:27.366907,unlock,2025-03-05 15:47:28.315192,
9242,351901930025949,2025-03-03 14:06:40.384912,unlock,2025-03-03 14:06:40.641689,
9184,351901930025949,2025-03-02 14:50:59.227801,unlock,2025-03-02 14:51:00.329814,
9167,351901930025949,2025-03-02 10:20:01.356532,unlock,2025-03-02 10:20:04.147261,
9163,351901930025949,2025-03-02 09:36:50.629959,unlock,2025-03-02 09:36:53.483795,
9161,351901930025949,2025-03-02 08:18:23.494352,unlock,2025-03-02 08:18:23.999647,
9150,351901930025949,2025-03-01 13:34:23.455116,unlock,2025-03-01 13:34:25.041081,
9144,351901930025949,2025-03-01 11:10:51.795912,unlock,2025-03-01 11:10:52.916944,
9098,351901930025949,2025-02-28 15:36:50.97117,unlock,2025-02-28 15:36:51.094688,
9097,351901930025949,2025-02-28 15:32:46.497663,unlock,2025-02-28 15:32:46.628665,
9035,351901930025949,2025-02-27 16:08:36.487597,unlock,2025-02-27 16:08:36.785521,
8981,351901930025949,2025-02-26 17:21:51.457566,unlock,2025-02-26 17:21:52.470131,
8966,351901930025949,2025-02-26 15:53:37.513842,unlock,2025-02-26 15:53:38.309125,
8902,351901930025949,2025-02-25 16:09:44.494704,unlock,2025-02-25 16:09:45.914728,
8888,351901930025949,2025-02-25 12:56:34.433752,unlock,,
8887,351901930025949,2025-02-25 12:56:01.536466,unlock,,
8886,351901930025949,2025-02-25 12:54:51.948475,unlock,,
8885,351901930025949,2025-02-25 12:54:11.767851,unlock,,
8884,351901930025949,2025-02-25 12:52:51.790474,unlock,,
8883,351901930025949,2025-02-25 12:52:20.275989,unlock,,
8882,351901930025949,2025-02-25 12:51:45.341567,unlock,,
8881,351901930025949,2025-02-25 12:50:33.797281,unlock,,
8803,351901930025949,2025-02-24 15:11:54.988725,unlock,,
8728,351901930025949,2025-02-23 07:55:01.041154,unlock,,
8623,351901930025949,2025-02-20 16:03:59.877341,unlock,,
8580,351901930025949,2025-02-19 15:50:51.940818,unlock,,
8496,351901930025949,2025-02-18 16:09:04.902883,unlock,,
8495,351901930025949,2025-02-18 16:07:53.706794,unlock,,
8408,351901930025949,2025-02-17 14:06:24.029688,unlock,,
8407,351901930025949,2025-02-17 14:05:10.260194,unlock,,
8395,351901930025949,2025-02-17 11:51:28.211434,unlock,,
8394,351901930025949,2025-02-17 11:51:17.343206,unlock,,
8393,351901930025949,2025-02-17 11:47:21.72622,unlock,,
8392,351901930025949,2025-02-17 11:47:10.339021,unlock,,
8383,351901930025949,2025-02-17 10:49:37.473298,unlock,,
8382,351901930025949,2025-02-17 10:49:18.575629,unlock,,
8335,351901930025949,2025-02-16 08:07:56.878468,unlock,,
8329,351901930025949,2025-02-15 14:46:59.853576,unlock,,
8289,351901930025949,2025-02-14 16:01:21.894924,unlock,,
8277,351901930025949,2025-02-14 14:45:46.513099,unlock,,
8203,351901930025949,2025-02-13 16:10:25.449936,unlock,,
8132,351901930025949,2025-02-12 15:39:02.067285,unlock,,
8054,351901930025949,2025-02-11 16:08:36.161095,unlock,,
7968,351901930025949,2025-02-10 15:13:26.323771,unlock,,
7914,351901930025949,2025-02-09 14:50:58.440839,unlock,,
7898,351901930025949,2025-02-09 07:28:57.531251,unlock,,
7885,351901930025949,2025-02-08 09:27:00.681509,unlock,,
7884,351901930025949,2025-02-08 09:25:44.00768,unlock,,
7858,351901930025949,2025-02-07 16:23:25.550672,unlock,,
7803,351901930025949,2025-02-06 15:58:55.530103,unlock,,
7707,351901930025949,2025-02-05 14:45:03.923374,unlock,,
7634,351901930025949,2025-02-04 16:10:05.858755,unlock,,
7633,351901930025949,2025-02-04 16:08:08.653299,unlock,,
7550,351901930025949,2025-02-03 15:36:09.74702,unlock,,
7547,351901930025949,2025-02-03 15:16:57.270444,unlock,,
7510,351901930025949,2025-02-02 14:50:48.231565,unlock,,
7509,351901930025949,2025-02-02 13:19:57.328979,unlock,,
7500,351901930025949,2025-02-02 10:24:01.322786,unlock,,
7499,351901930025949,2025-02-02 08:26:02.021411,unlock,,
7498,351901930025949,2025-02-02 08:25:34.632846,unlock,,
7421,351901930025949,2025-01-31 15:35:36.276545,unlock,,
7357,351901930025949,2025-01-30 16:07:12.319434,unlock,,
7247,351901930025949,2025-01-29 14:52:47.974013,unlock,,
7121,351901930025949,2025-01-28 16:08:07.699222,unlock,,
6996,351901930025949,2025-01-27 15:29:58.219999,unlock,,
6927,351901930025949,2025-01-26 14:28:36.603385,unlock,,
6903,351901930025949,2025-01-26 09:28:48.393867,unlock,,
6853,351901930025949,2025-01-24 15:35:49.877221,unlock,,
6782,351901930025949,2025-01-23 15:30:06.747215,unlock,,
6780,351901930025949,2025-01-23 15:06:34.113768,unlock,,
6703,351901930025949,2025-01-22 15:50:44.351463,unlock,,
6548,351901930025949,2025-01-21 16:08:43.450682,unlock,,
6309,351901930025949,2025-01-19 14:46:58.589741,unlock,,
6299,351901930025949,2025-01-19 08:26:24.63663,unlock,,
6287,351901930025949,2025-01-18 11:06:39.65509,unlock,,
6236,351901930025949,2025-01-17 15:32:42.519976,unlock,,
6234,351901930025949,2025-01-17 14:38:56.074583,unlock,,
6144,351901930025949,2025-01-16 15:18:19.339519,unlock,,
5980,351901930025949,2025-01-14 16:09:11.46893,unlock,,
5979,351901930025949,2025-01-14 16:07:15.958161,unlock,,
5915,351901930025949,2025-01-13 15:13:04.120043,unlock,,
5894,351901930025949,2025-01-12 14:23:34.712749,unlock,,
5886,351901930025949,2025-01-11 19:18:05.944378,unlock,,
5873,351901930025949,2025-01-11 08:23:53.178729,unlock,,
5855,351901930025949,2025-01-10 15:50:40.686466,unlock,,
5850,351901930025949,2025-01-10 14:57:35.462752,unlock,,
5849,351901930025949,2025-01-10 14:57:18.929947,unlock,,
5848,351901930025949,2025-01-10 14:56:57.053969,unlock,,
5847,351901930025949,2025-01-10 14:56:24.348713,unlock,,
5846,351901930025949,2025-01-10 14:55:24.645451,unlock,,
5845,351901930025949,2025-01-10 14:55:13.889752,unlock,,
5838,351901930025949,2025-01-10 13:12:49.315113,unlock,,
5837,351901930025949,2025-01-10 12:21:25.365913,unlock,,
5833,351901930025949,2025-01-10 11:59:51.889054,unlock,,
5832,351901930025949,2025-01-10 11:55:54.376623,unlock,,
5790,351901930025949,2025-01-09 17:29:59.489529,unlock,,
5788,351901930025949,2025-01-09 16:10:02.224887,unlock,,
5787,351901930025949,2025-01-09 16:04:30.707037,unlock,,
5774,351901930025949,2025-01-09 09:20:35.316582,unlock,,
5769,351901930025949,2025-01-08 17:42:42.473427,unlock,,
5764,351901930025949,2025-01-08 15:47:08.29521,unlock,,
5733,351901930025949,2025-01-07 15:17:38.779119,unlock,,
5731,351901930025949,2025-01-07 14:53:03.663434,unlock,,
5715,351901930025949,2025-01-07 09:56:53.141296,unlock,,
5693,351901930025949,2025-01-06 15:28:59.481911,unlock,,
5672,351901930025949,2025-01-05 16:35:32.898496,unlock,,
5666,351901930025949,2025-01-05 09:49:40.770722,unlock,,
5665,351901930025949,2025-01-05 08:56:01.724461,unlock,,
5664,351901930025949,2025-01-04 16:30:02.576065,unlock,,
5661,351901930025949,2025-01-04 09:56:15.469603,unlock,,
5647,351901930025949,2025-01-03 12:12:45.622339,unlock,,
5646,351901930025949,2025-01-03 12:12:26.446574,unlock,,
5617,351901930025949,2024-12-30 16:23:30.045075,unlock,,
5605,351901930025949,2024-12-30 10:52:05.199063,unlock,,
5515,351901930025949,2024-12-28 08:15:35.518714,unlock,,
5502,351901930025949,2024-12-27 08:52:00.235455,unlock,,
5474,351901930025949,2024-12-22 08:32:27.732004,unlock,,
5447,351901930025949,2024-12-19 16:05:24.00471,unlock,,
5446,351901930025949,2024-12-19 16:04:47.750676,unlock,,
5408,351901930025949,2024-12-19 08:53:52.728307,unlock,,
5407,351901930025949,2024-12-19 08:51:23.025378,unlock,,