  _id , _uuid ,date,time,just_booted, reset_reason,uptime,fw_version,modem_fw_version,rsrp
233554,359404230082423,2025-10-02,04:00:57.802497,t,0,26,v0.0.3-45-g6b77131c-dirty,mfw_nrf91x1_2.0.1,−88
233474,359404230082423,2025-10-02,01:32:39.264696,t,0,20,v0.0.3-45-g6b77131c-dirty,mfw_nrf91x1_2.0.1,−87
232415,359404230082423,2025-10-01,05:07:54.598133,t,16,161,v0.0.3-45-g6b77131c-dirty,mfw_nrf91x1_2.0.1,−92
231969,359404230082423,2025-09-30,04:01:02.792438,t,0,31,v0.0.3-45-g6b77131c-dirty,mfw_nrf91x1_2.0.1,−95
230880,359404230082423,2025-09-29,04:00:52.707844,t,0,21,v0.0.3-45-g6b77131c-dirty,mfw_nrf91x1_2.0.1,−93
229781,359404230082423,2025-09-28,07:09:32.308416,t,0,11341,v0.0.3-45-g6b77131c-dirty,mfw_nrf91x1_2.0.1,−96
229660,359404230082423,2025-09-28,04:00:48.789981,t,0,17,v0.0.3-45-g6b77131c-dirty,mfw_nrf91x1_2.0.1,−96
228500,359404230082423,2025-09-27,04:01:08.077174,t,0,36,v0.0.3-45-g6b77131c-dirty,mfw_nrf91x1_2.0.1,−92
227322,359404230082423,2025-09-26,04:01:06.632236,t,0,34,v0.0.3-45-g6b77131c-dirty,mfw_nrf91x1_2.0.1,−96
227315,359404230082423,2025-09-26,03:39:22.471295,t,0,26,v0.0.3-45-g6b77131c-dirty,mfw_nrf91x1_2.0.1,−94
227295,359404230082423,2025-09-26,03:15:54.315018,t,0,27,v0.0.3-45-g6b77131c-dirty,mfw_nrf91x1_2.0.1,−97
226050,359404230082423,2025-09-25,04:01:05.351139,t,0,33,v0.0.3-45-g6b77131c-dirty,mfw_nrf91x1_2.0.1,−96
224726,359404230082423,2025-09-24,07:48:06.395869,t,0,13854,v0.0.3-45-g6b77131c-dirty,mfw_nrf91x1_2.0.1,−95
224671,359404230082423,2025-09-24,07:08:10.629308,t,0,11458,v0.0.3-45-g6b77131c-dirty,mfw_nrf91x1_2.0.1,−98
224474,359404230082423,2025-09-24,03:57:32.792756,t,0,20,v0.0.3-45-g6b77131c-dirty,mfw_nrf91x1_2.0.1,−97
222829,359404230082423,2025-09-23,04:00:58.589313,t,0,26,v0.0.3-45-g6b77131c-dirty,mfw_nrf91x1_2.0.1,−95
221605,359404230082423,2025-09-22,11:56:16.200967,t,0,28545,v0.0.3-45-g6b77131c-dirty,mfw_nrf91x1_2.0.1,−85
221394,359404230082423,2025-09-22,04:00:43.333563,t,0,11,v0.0.3-45-g6b77131c-dirty,mfw_nrf91x1_2.0.1,−96
220948,359404230082423,2025-09-21,15:04:15.822017,t,0,39824,v0.0.3-45-g6b77131c-dirty,mfw_nrf91x1_2.0.1,−108
220598,359404230082423,2025-09-21,04:01:04.481847,t,0,32,v0.0.3-45-g6b77131c-dirty,mfw_nrf91x1_2.0.1,−97
220075,359404230082423,2025-09-20,12:37:57.685508,t,2,18,v0.0.3-45-g6b77131c-dirty,mfw_nrf91x1_2.0.1,−97
219806,359404230082423,2025-09-20,04:01:07.683975,t,0,35,v0.0.3-45-g6b77131c-dirty,mfw_nrf91x1_2.0.1,−96
219602,359404230082423,2025-09-19,19:51:56.645607,t,0,25,v0.0.3-45-g6b77131c-dirty,mfw_nrf91x1_2.0.1,−95
219009,359404230082423,2025-09-19,04:00:44.861794,t,0,12,v0.0.3-45-g6b77131c-dirty,mfw_nrf91x1_2.0.1,−96
218694,359404230082423,2025-09-18,17:50:57.684036,t,2,18,v0.0.3-45-g6b77131c-dirty,mfw_nrf91x1_2.0.1,−92
218603,359404230082423,2025-09-18,15:31:33.521089,t,2,33,v0.0.3-45-g6b77131c-dirty,mfw_nrf91x1_2.0.1,−95
218157,359404230082423,2025-09-18,04:01:05.123164,t,0,32,v0.0.3-45-g6b77131c-dirty,mfw_nrf91x1_2.0.1,−99
217931,359404230082423,2025-09-17,19:27:17.368752,t,0,19,v0.0.3-45-g6b77131c-dirty,mfw_nrf91x1_2.0.1,−95
217406,359404230082423,2025-09-17,04:00:47.6826,t,0,15,v0.0.3-45-g6b77131c-dirty,mfw_nrf91x1_2.0.1,−97
216710,359404230082423,2025-09-16,04:01:06.078258,t,0,33,v0.0.3-45-g6b77131c-dirty,mfw_nrf91x1_2.0.1,−97
216707,359404230082423,2025-09-16,03:55:01.102581,t,0,6,v0.0.3-45-g6b77131c-dirty,mfw_nrf91x1_2.0.1,−96
216092,359404230082423,2025-09-15,04:00:58.646182,t,0,25,v0.0.3-45-g6b77131c-dirty,mfw_nrf91x1_2.0.1,−97
215545,359404230082423,2025-09-14,04:00:48.782783,t,0,15,v0.0.3-45-g6b77131c-dirty,mfw_nrf91x1_2.0.1,−95
214927,359404230082423,2025-09-13,04:00:45.09806,t,0,12,v0.0.3-45-g6b77131c-dirty,mfw_nrf91x1_2.0.1,−94
214360,359404230082423,2025-09-12,04:00:52.21982,t,0,19,v0.0.3-45-g6b77131c-dirty,mfw_nrf91x1_2.0.1,−96
213744,359404230082423,2025-09-11,06:44:00.822603,t,2,2905,v0.0.3-45-g6b77131c-dirty,mfw_nrf91x1_2.0.1,−99
213234,359404230082423,2025-09-10,04:00:56.388604,t,0,22,v0.0.3-45-g6b77131c-dirty,mfw_nrf91x1_2.0.1,−97
212739,359404230082423,2025-09-09,04:01:05.440588,t,0,31,v0.0.3-45-g6b77131c-dirty,mfw_nrf91x1_2.0.1,−97
212734,359404230082423,2025-09-09,03:49:43.836592,t,0,15,v0.0.3-45-g6b77131c-dirty,mfw_nrf91x1_2.0.1,−96
212511,359404230082423,2025-09-08,15:17:24.784362,t,2,33585,v0.0.3-45-g6b77131c-dirty,mfw_nrf91x1_2.0.1,−112
212383,359404230082423,2025-09-08,06:42:05.761387,t,2,2665,v0.0.3-45-g6b77131c-dirty,mfw_nrf91x1_2.0.1,−111
212338,359404230082423,2025-09-07,10:13:22.242378,t,2,1997,v0.0.3-45-g6b77131c-dirty,mfw_nrf91x1_2.0.1,−106
212009,359404230082423,2025-09-06,09:40:43.836006,t,2,18,v0.0.3-45-g6b77131c-dirty,mfw_nrf91x1_2.0.1,−96
211894,359404230082423,2025-09-06,04:00:52.563809,t,0,18,v0.0.3-45-g6b77131c-dirty,mfw_nrf91x1_2.0.1,−96
211369,359404230082423,2025-09-05,04:00:43.848859,t,0,9,v0.0.3-45-g6b77131c-dirty,mfw_nrf91x1_2.0.1,−100
210842,359404230082423,2025-09-04,04:00:48.455061,t,0,14,v0.0.3-45-g6b77131c-dirty,mfw_nrf91x1_2.0.1,−100
210352,359404230082423,2025-09-03,04:01:01.923551,t,0,27,v0.0.3-45-g6b77131c-dirty,mfw_nrf91x1_2.0.1,−96
209926,359404230082423,2025-09-02,04:00:47.817672,t,0,13,v0.0.3-45-g6b77131c-dirty,mfw_nrf91x1_2.0.1,−93
209919,359404230082423,2025-09-02,03:38:55.44953,t,0,40,v0.0.3-45-g6b77131c-dirty,mfw_nrf91x1_2.0.1,−93
209670,359404230082423,2025-09-01,14:14:00.640714,t,2,18,v0.0.3-45-g6b77131c-dirty,mfw_nrf91x1_2.0.1,−94
209440,359404230082423,2025-09-01,04:01:05.824999,t,0,31,v0.0.3-45-g6b77131c-dirty,mfw_nrf91x1_2.0.1,−96
209058,359404230082423,2025-08-31,04:00:44.246801,t,0,9,v0.0.3-45-g6b77131c-dirty,mfw_nrf91x1_2.0.1,−97
208657,359404230082423,2025-08-30,04:00:49.656451,t,0,14,v0.0.3-45-g6b77131c-dirty,mfw_nrf91x1_2.0.1,−94
208439,359404230082423,2025-08-29,14:11:14.21898,t,2,23,v0.0.3-45-g6b77131c-dirty,mfw_nrf91x1_2.0.1,−96
208225,359404230082423,2025-08-29,04:01:06.162605,t,0,31,v0.0.3-45-g6b77131c-dirty,mfw_nrf91x1_2.0.1,−97
207834,359404230082423,2025-08-28,04:00:41.687602,t,0,6,v0.0.3-45-g6b77131c-dirty,mfw_nrf91x1_2.0.1,−96
207639,359404230082423,2025-08-27,17:17:29.844056,t,16,95,v0.0.3-45-g6b77131c-dirty,mfw_nrf91x1_2.0.1,−110
207473,359404230082423,2025-08-27,09:55:12.454969,t,2,27,v0.0.3-45-g6b77131c-dirty,mfw_nrf91x1_2.0.1,−95
207365,359404230082423,2025-08-27,04:00:52.533284,t,0,17,v0.0.3-45-g6b77131c-dirty,mfw_nrf91x1_2.0.1,−94
207164,359404230082423,2025-08-26,16:35:14.409041,t,2,10,v0.0.3-45-g6b77131c-dirty,mfw_nrf91x1_2.0.1,−93
206922,359404230082423,2025-08-26,06:23:46.643346,t,2,34,v0.0.3-45-g6b77131c-dirty,mfw_nrf91x1_2.0.1,−93
206883,359404230082423,2025-08-26,04:00:50.07819,t,0,14,v0.0.3-45-g6b77131c-dirty,mfw_nrf91x1_2.0.1,−96
206319,359404230082423,2025-08-25,04:01:00.402544,t,0,25,v0.0.3-45-g6b77131c-dirty,mfw_nrf91x1_2.0.1,−96
206033,359404230082423,2025-08-24,15:07:21.847165,t,2,32,v0.0.3-45-g6b77131c-dirty,mfw_nrf91x1_2.0.1,−94
205776,359404230082423,2025-08-24,04:00:51.2166,t,0,15,v0.0.3-45-g6b77131c-dirty,mfw_nrf91x1_2.0.1,−94
205333,359404230082423,2025-08-23,04:00:55.821435,t,0,20,v0.0.3-45-g6b77131c-dirty,mfw_nrf91x1_2.0.1,−95
204871,359404230082423,2025-08-22,04:01:04.936773,t,0,29,v0.0.3-45-g6b77131c-dirty,mfw_nrf91x1_2.0.1,−96
204697,359404230082423,2025-08-21,16:53:36.002936,t,2,24,v0.0.3-45-g6b77131c-dirty,mfw_nrf91x1_2.0.1,−93
204561,359404230082423,2025-08-21,11:03:55.739282,t,2,18,v0.0.3-45-g6b77131c-dirty,mfw_nrf91x1_2.0.1,−95
204399,359404230082423,2025-08-21,04:00:50.459508,t,0,14,v0.0.3-45-g6b77131c-dirty,mfw_nrf91x1_2.0.1,−96
203968,359404230082423,2025-08-20,04:00:58.773227,t,0,22,v0.0.3-45-g6b77131c-dirty,mfw_nrf91x1_2.0.1,−95
203518,359404230082423,2025-08-19,10:49:05.739103,t,2,10,v0.0.3-45-g6b77131c-dirty,mfw_nrf91x1_2.0.1,−92
203328,359404230082423,2025-08-19,04:00:50.728045,t,0,14,v0.0.3-45-g6b77131c-dirty,mfw_nrf91x1_2.0.1,−95
202606,359404230082423,2025-08-18,04:00:54.563185,t,0,18,v0.0.3-45-g6b77131c-dirty,mfw_nrf91x1_2.0.1,−94
201933,359404230082423,2025-08-17,04:00:57.015071,t,0,20,v0.0.3-45-g6b77131c-dirty,mfw_nrf91x1_2.0.1,−95
201207,359404230082423,2025-08-16,04:00:50.560547,t,0,14,v0.0.3-45-g6b77131c-dirty,mfw_nrf91x1_2.0.1,−94
200521,359404230082423,2025-08-15,04:00:50.857135,t,0,14,v0.0.3-45-g6b77131c-dirty,mfw_nrf91x1_2.0.1,−91
199816,359404230082423,2025-08-14,04:01:11.046839,t,0,34,v0.0.3-45-g6b77131c-dirty,mfw_nrf91x1_2.0.1,−96
199049,359404230082423,2025-08-13,04:01:03.983956,t,0,27,v0.0.3-45-g6b77131c-dirty,mfw_nrf91x1_2.0.1,−94
198366,359404230082423,2025-08-12,04:01:06.537723,t,0,29,v0.0.3-45-g6b77131c-dirty,mfw_nrf91x1_2.0.1,−96
197739,359404230082423,2025-08-11,06:09:03.287827,t,2,26,v0.0.3-45-g6b77131c-dirty,mfw_nrf91x1_2.0.1,−95
197683,359404230082423,2025-08-11,04:01:12.139981,t,0,35,v0.0.3-45-g6b77131c-dirty,mfw_nrf91x1_2.0.1,−94
197016,359404230082423,2025-08-10,04:00:50.241718,t,0,13,v0.0.3-45-g6b77131c-dirty,mfw_nrf91x1_2.0.1,−95
196283,359404230082423,2025-08-09,04:01:12.408599,t,0,35,v0.0.3-45-g6b77131c-dirty,mfw_nrf91x1_2.0.1,−95
195491,359404230082423,2025-08-08,04:01:05.444727,t,0,28,v0.0.3-45-g6b77131c-dirty,mfw_nrf91x1_2.0.1,−96
194657,359404230082423,2025-08-07,04:01:11.982977,t,0,34,v0.0.3-45-g6b77131c-dirty,mfw_nrf91x1_2.0.1,−95
193896,359404230082423,2025-08-06,04:01:12.24458,t,0,34,v0.0.3-45-g6b77131c-dirty,mfw_nrf91x1_2.0.1,−92
193885,359404230082423,2025-08-06,03:41:52.700096,t,0,9,v0.0.3-45-g6b77131c-dirty,mfw_nrf91x1_2.0.1,−92
193050,359404230082423,2025-08-05,04:01:07.685007,t,0,30,v0.0.3-45-g6b77131c-dirty,mfw_nrf91x1_2.0.1,−93
193041,359404230082423,2025-08-05,03:31:13.982188,t,0,15,v0.0.3-45-g6b77131c-dirty,mfw_nrf91x1_2.0.1,−93
192228,359404230082423,2025-08-04,04:01:00.800515,t,0,23,v0.0.3-45-g6b77131c-dirty,mfw_nrf91x1_2.0.1,−94
191422,359404230082423,2025-08-03,04:00:51.762789,t,0,13,v0.0.3-45-g6b77131c-dirty,mfw_nrf91x1_2.0.1,−93
190663,359404230082423,2025-08-02,04:00:56.222804,t,0,18,v0.0.3-45-g6b77131c-dirty,mfw_nrf91x1_2.0.1,−92
189879,359404230082423,2025-08-01,04:00:56.88688,t,0,18,v0.0.3-45-g6b77131c-dirty,mfw_nrf91x1_2.0.1,−94
189072,359404230082423,2025-07-31,04:00:55.764864,t,0,17,v0.0.3-45-g6b77131c-dirty,mfw_nrf91x1_2.0.1,−94
188116,359404230082423,2025-07-30,04:01:04.23862,t,0,25,v0.0.3-45-g6b77131c-dirty,mfw_nrf91x1_2.0.1,−95
187662,359404230082423,2025-07-29,16:02:28.295195,t,2,12,v0.0.3-45-g6b77131c-dirty,mfw_nrf91x1_2.0.1,−95
187156,359404230082423,2025-07-29,04:01:09.607406,t,0,30,v0.0.3-45-g6b77131c-dirty,mfw_nrf91x1_2.0.1,−110
186882,359404230082423,2025-07-28,19:31:41.285434,t,0,34,v0.0.3-45-g6b77131c-dirty,mfw_nrf91x1_2.0.1,−94
186237,359404230082423,2025-07-28,04:01:14.378112,t,0,35,v0.0.3-45-g6b77131c-dirty,mfw_nrf91x1_2.0.1,−95
185341,359404230082423,2025-07-27,04:01:04.809904,t,0,25,v0.0.3-45-g6b77131c-dirty,mfw_nrf91x1_2.0.1,−94
184578,359404230082423,2025-07-26,09:35:06.058528,t,2,2088,v0.0.3-45-g6b77131c-dirty,mfw_nrf91x1_2.0.1,−96
183788,359404230082423,2025-07-24,04:00:50.304968,t,0,10,v0.0.3-45-g6b77131c-dirty,mfw_nrf91x1_2.0.1,−94
183249,359404230082423,2025-07-23,12:39:56.699666,t,2,10,v0.0.3-45-g6b77131c-dirty,mfw_nrf91x1_2.0.1,−93
182940,359404230082423,2025-07-23,04:01:12.29888,t,0,32,v0.0.3-45-g6b77131c-dirty,mfw_nrf91x1_2.0.1,−91
182932,359404230082423,2025-07-23,03:49:14.803472,t,0,16,v0.0.3-45-g6b77131c-dirty,mfw_nrf91x1_2.0.1,−91
182134,359404230082423,2025-07-22,04:00:50.081587,t,0,10,v0.0.3-45-g6b77131c-dirty,mfw_nrf91x1_2.0.1,−96
181298,359404230082423,2025-07-21,04:00:50.085333,t,0,9,v0.0.3-45-g6b77131c-dirty,mfw_nrf91x1_2.0.1,−96
180451,359404230082423,2025-07-20,05:09:44.778046,t,2,22,v0.0.3-45-g6b77131c-dirty,mfw_nrf91x1_2.0.1,−94
180413,359404230082423,2025-07-20,04:01:00.082674,t,0,19,v0.0.3-45-g6b77131c-dirty,mfw_nrf91x1_2.0.1,−94
179548,359404230082423,2025-07-19,04:01:08.962987,t,0,28,v0.0.3-45-g6b77131c-dirty,mfw_nrf91x1_2.0.1,−94
178720,359404230082423,2025-07-18,04:00:56.880604,t,0,16,v0.0.3-45-g6b77131c-dirty,mfw_nrf91x1_2.0.1,−94
178093,359404230082423,2025-07-17,10:45:55.335956,t,2,32,v0.0.3-45-g6b77131c-dirty,mfw_nrf91x1_2.0.1,−95
177964,359404230082423,2025-07-17,07:29:53.176382,t,2,33,v0.0.3-45-g6b77131c-dirty,mfw_nrf91x1_2.0.1,−94
177858,359404230082423,2025-07-17,04:00:49.601899,t,0,8,v0.0.3-45-g6b77131c-dirty,mfw_nrf91x1_2.0.1,−93
176974,359404230082423,2025-07-16,04:01:06.317126,t,0,25,v0.0.3-45-g6b77131c-dirty,mfw_nrf91x1_2.0.1,−95
176967,359404230082423,2025-07-16,03:44:36.962624,t,0,31,v0.0.3-45-g6b77131c-dirty,mfw_nrf91x1_2.0.1,−94
176953,359404230082423,2025-07-16,03:14:34.166076,t,0,25,v0.0.3-45-g6b77131c-dirty,mfw_nrf91x1_2.0.1,−94
176180,359404230082423,2025-07-15,04:01:13.287394,t,0,32,v0.0.3-45-g6b77131c-dirty,mfw_nrf91x1_2.0.1,−95
175567,359404230082423,2025-07-14,04:01:15.502299,t,0,34,v0.0.3-45-g6b77131c-dirty,mfw_nrf91x1_2.0.1,−95
174953,359404230082423,2025-07-13,04:00:55.68089,t,0,14,v0.0.3-45-g6b77131c-dirty,mfw_nrf91x1_2.0.1,−97
174222,359404230082423,2025-07-12,04:00:56.061694,t,0,14,v0.0.3-45-g6b77131c-dirty,mfw_nrf91x1_2.0.1,−96
173470,359404230082423,2025-07-11,04:01:10.625492,t,0,29,v0.0.3-45-g6b77131c-dirty,mfw_nrf91x1_2.0.1,−97
172924,359404230082423,2025-07-07,04:00:53.340049,t,0,11,v0.0.3-45-g6b77131c-dirty,mfw_nrf91x1_2.0.1,−92
172921,359404230082423,2025-07-07,03:49:41.205834,t,0,8,v0.0.3-45-g6b77131c-dirty,mfw_nrf91x1_2.0.1,−91
172903,359404230082423,2025-07-07,03:11:08.088954,t,0,29,v0.0.3-45-g6b77131c-dirty,mfw_nrf91x1_2.0.1,−92
172286,359404230082423,2025-07-06,04:01:11.744498,t,0,29,v0.0.3-45-g6b77131c-dirty,mfw_nrf91x1_2.0.1,−92
171672,359404230082423,2025-07-05,04:01:07.743714,t,0,25,v0.0.3-45-g6b77131c-dirty,mfw_nrf91x1_2.0.1,−93
171075,359404230082423,2025-07-04,04:01:07.437732,t,0,25,v0.0.3-45-g6b77131c-dirty,mfw_nrf91x1_2.0.1,−96
170534,359404230082423,2025-07-03,04:01:06.855881,t,0,24,v0.0.3-45-g6b77131c-dirty,mfw_nrf91x1_2.0.1,−93
169954,359404230082423,2025-07-02,04:00:51.041803,t,0,8,v0.0.3-45-g6b77131c-dirty,mfw_nrf91x1_2.0.1,−95
169394,359404230082423,2025-07-01,04:01:02.857939,t,0,20,v0.0.3-45-g6b77131c-dirty,mfw_nrf91x1_2.0.1,−95
168814,359404230082423,2025-06-30,04:00:59.417274,t,0,16,v0.0.3-45-g6b77131c-dirty,mfw_nrf91x1_2.0.1,−95
168809,359404230082423,2025-06-30,03:43:17.918804,t,0,30,v0.0.3-45-g6b77131c-dirty,mfw_nrf91x1_2.0.1,−94
168288,359404230082423,2025-06-29,04:01:05.131374,t,0,22,v0.0.3-45-g6b77131c-dirty,mfw_nrf91x1_2.0.1,−95
167723,359404230082423,2025-06-28,04:01:10.700736,t,0,27,v0.0.3-45-g6b77131c-dirty,mfw_nrf91x1_2.0.1,−97
167181,359404230082423,2025-06-27,04:00:55.339492,t,0,12,v0.0.3-45-g6b77131c-dirty,mfw_nrf91x1_2.0.1,−92
166916,359404230082423,2025-06-26,15:15:31.656895,t,0,40489,v0.0.3-45-g6b77131c-dirty,mfw_nrf91x1_2.0.1,−126
166692,359404230082423,2025-06-26,04:01:14.886395,t,0,31,v0.0.3-45-g6b77131c-dirty,mfw_nrf91x1_2.0.1,−95
166279,359404230082423,2025-06-25,04:01:13.284392,t,0,31,v0.0.3-45-g6b77131c-dirty,mfw_nrf91x1_2.0.1,−94
166272,359404230082423,2025-06-25,03:35:07.575492,t,0,8,v0.0.3-45-g6b77131c-dirty,mfw_nrf91x1_2.0.1,−92
165884,359404230082423,2025-06-24,04:01:03.098618,t,0,34,v0.0.3-45-g6b77131c-dirty,mfw_nrf91x1_2.0.1,−93
165471,359404230082423,2025-06-23,04:00:58.616578,t,0,15,v0.0.3-45-g6b77131c-dirty,mfw_nrf91x1_2.0.1,−94
165463,359404230082423,2025-06-23,03:46:10.078143,t,0,26,v0.0.3-45-g6b77131c-dirty,mfw_nrf91x1_2.0.1,−96
165012,359404230082423,2025-06-22,04:01:06.700071,t,0,23,v0.0.3-45-g6b77131c-dirty,mfw_nrf91x1_2.0.1,−96
164575,359404230082423,2025-06-21,04:00:59.335945,t,0,15,v0.0.3-45-g6b77131c-dirty,mfw_nrf91x1_2.0.1,−95
164130,359404230082423,2025-06-20,04:01:17.174162,t,0,33,v0.0.3-45-g6b77131c-dirty,mfw_nrf91x1_2.0.1,−95
163690,359404230082423,2025-06-19,04:01:09.123172,t,0,25,v0.0.3-45-g6b77131c-dirty,mfw_nrf91x1_2.0.1,−91
163259,359404230082423,2025-06-18,04:01:13.016529,t,0,29,v0.0.3-45-g6b77131c-dirty,mfw_nrf91x1_2.0.1,−90
163197,359404230082423,2025-06-17,22:20:53.599181,t,0,35,v0.0.3-45-g6b77131c-dirty,mfw_nrf91x1_2.0.1,−91
163191,359404230082423,2025-06-17,21:55:33.894153,t,0,22,v0.0.3-45-g6b77131c-dirty,mfw_nrf91x1_2.0.1,−92
162917,359404230082423,2025-06-17,08:36:06.078418,t,2,14,v0.0.3-45-g6b77131c-dirty,mfw_nrf91x1_2.0.1,−91
162832,359404230082423,2025-06-17,04:01:01.924697,t,0,18,v0.0.3-45-g6b77131c-dirty,mfw_nrf91x1_2.0.1,−91
162827,359404230082423,2025-06-17,03:40:34.148325,t,0,19,v0.0.3-45-g6b77131c-dirty,mfw_nrf91x1_2.0.1,−92
162387,359404230082423,2025-06-16,06:47:34.450951,t,2,2630,v0.0.3-45-g6b77131c-dirty,mfw_nrf91x1_2.0.1,−113
161902,359404230082423,2025-06-15,04:01:05.843735,t,0,21,v0.0.3-45-g6b77131c-dirty,mfw_nrf91x1_2.0.1,−93
161307,359404230082423,2025-06-14,04:01:06.136589,t,0,21,v0.0.3-45-g6b77131c-dirty,mfw_nrf91x1_2.0.1,−93
160948,359404230082423,2025-06-13,13:33:59.175233,t,2,35,v0.0.3-45-g6b77131c-dirty,mfw_nrf91x1_2.0.1,−93
160709,359404230082423,2025-06-13,04:00:23.738519,t,0,6,v0.0.3-45-g6b77131c-dirty,mfw_nrf91x1_2.0.1,−91
160235,359404230082423,2025-06-12,07:54:06.933715,t,2,10,v0.0.3-45-g6b77131c-dirty,mfw_nrf91x1_2.0.1,−92
160129,359404230082423,2025-06-12,04:01:01.736644,t,0,17,v0.0.3-45-g6b77131c-dirty,mfw_nrf91x1_2.0.1,−93
159995,359404230082423,2025-06-11,20:30:18.15801,t,0,30,v0.0.3-45-g6b77131c-dirty,mfw_nrf91x1_2.0.1,−92
159960,359404230082423,2025-06-11,19:08:53.601446,t,0,9,v0.0.3-45-g6b77131c-dirty,mfw_nrf91x1_2.0.1,−93
159551,359404230082423,2025-06-11,04:01:14.704158,t,0,30,v0.0.3-45-g6b77131c-dirty,mfw_nrf91x1_2.0.1,−91
159545,359404230082423,2025-06-11,03:38:27.258873,t,0,31,v0.0.3-45-g6b77131c-dirty,mfw_nrf91x1_2.0.1,−91
158937,359404230082423,2025-06-10,04:01:01.420742,t,0,17,v0.0.3-45-g6b77131c-dirty,mfw_nrf91x1_2.0.1,−92
158932,359404230082423,2025-06-10,03:52:15.526234,t,0,21,v0.0.3-45-g6b77131c-dirty,mfw_nrf91x1_2.0.1,−94
158651,359404230082423,2025-06-09,15:25:59.597425,t,2,15,v0.0.3-45-g6b77131c-dirty,mfw_nrf91x1_2.0.1,−92
158368,359404230082423,2025-06-09,04:01:01.528927,t,0,17,v0.0.3-45-g6b77131c-dirty,mfw_nrf91x1_2.0.1,−91
158365,359404230082423,2025-06-09,03:38:55.662946,t,0,24,v0.0.3-45-g6b77131c-dirty,mfw_nrf91x1_2.0.1,−91
158002,359404230082423,2025-06-08,12:09:50.781626,t,2,30,v0.0.3-45-g6b77131c-dirty,mfw_nrf91x1_2.0.1,−95
157820,359404230082423,2025-06-08,04:00:51.837161,t,0,7,v0.0.3-45-g6b77131c-dirty,mfw_nrf91x1_2.0.1,−92
157218,359404230082423,2025-06-07,04:01:23.018038,t,0,38,v0.0.3-45-g6b77131c-dirty,mfw_nrf91x1_2.0.1,−91
156643,359404230082423,2025-06-06,04:01:10.778322,t,0,26,v0.0.3-45-g6b77131c-dirty,mfw_nrf91x1_2.0.1,−91
156058,359404230082423,2025-06-05,04:00:52.081864,t,0,7,v0.0.3-45-g6b77131c-dirty,mfw_nrf91x1_2.0.1,−91
155420,359404230082423,2025-06-04,03:59:41.738346,t,0,12,v0.0.3-45-g6b77131c-dirty,mfw_nrf91x1_2.0.1,−91
154853,359404230082423,2025-06-03,04:00:58.083634,t,0,13,v0.0.3-45-g6b77131c-dirty,mfw_nrf91x1_2.0.1,−92
154851,359404230082423,2025-06-03,03:46:27.412341,t,0,10,v0.0.3-45-g6b77131c-dirty,mfw_nrf91x1_2.0.1,−92
154345,359404230082423,2025-06-02,04:01:05.823327,t,0,20,v0.0.3-45-g6b77131c-dirty,mfw_nrf91x1_2.0.1,−88
154332,359404230082423,2025-06-02,03:13:04.618374,t,0,32,v0.0.3-45-g6b77131c-dirty,mfw_nrf91x1_2.0.1,−89
153815,359404230082423,2025-06-01,04:01:13.812455,t,0,28,v0.0.3-45-g6b77131c-dirty,mfw_nrf91x1_2.0.1,−93
153327,359404230082423,2025-05-31,04:01:16.77309,t,0,31,v0.0.3-45-g6b77131c-dirty,mfw_nrf91x1_2.0.1,−92
152872,359404230082423,2025-05-30,04:01:01.121846,t,0,15,v0.0.3-45-g6b77131c-dirty,mfw_nrf91x1_2.0.1,−91
152496,359404230082423,2025-05-29,04:01:12.969462,t,0,27,v0.0.3-45-g6b77131c-dirty,mfw_nrf91x1_2.0.1,−92
152226,359404230082423,2025-05-28,08:11:54.612498,t,16,231,v0.0.3-45-g6b77131c-dirty,mfw_nrf91x1_2.0.1,−90
152159,359404230082423,2025-05-28,04:01:03.292176,t,0,17,v0.0.3-45-g6b77131c-dirty,mfw_nrf91x1_2.0.1,−93
151751,359404230082423,2025-05-27,04:01:06.710369,t,0,21,v0.0.3-45-g6b77131c-dirty,mfw_nrf91x1_2.0.1,−94
151542,359404230082423,2025-05-26,13:26:52.388984,t,0,33968,v0.0.3-45-g6b77131c-dirty,mfw_nrf91x1_2.0.1,−88
151377,359404230082423,2025-05-26,04:01:10.811926,t,0,25,v0.0.3-45-g6b77131c-dirty,mfw_nrf91x1_2.0.1,−93
150997,359404230082423,2025-05-25,04:01:13.185282,t,0,27,v0.0.3-45-g6b77131c-dirty,mfw_nrf91x1_2.0.1,−91
150589,359404230082423,2025-05-24,04:01:09.428866,t,0,23,v0.0.3-45-g6b77131c-dirty,mfw_nrf91x1_2.0.1,−91
150070,359404230082423,2025-05-23,04:01:00.708298,t,0,15,v0.0.3-45-g6b77131c-dirty,mfw_nrf91x1_2.0.1,−89
149941,359404230082423,2025-05-22,20:15:59.126717,t,0,25,v0.0.3-45-g6b77131c-dirty,mfw_nrf91x1_2.0.1,−92
149551,359404230082423,2025-05-22,04:00:54.339007,t,0,8,v0.0.3-45-g6b77131c-dirty,mfw_nrf91x1_2.0.1,−92
148976,359404230082423,2025-05-21,04:01:18.224873,t,0,32,v0.0.3-45-g6b77131c-dirty,mfw_nrf91x1_2.0.1,−88
148383,359404230082423,2025-05-20,04:01:05.694601,t,0,19,v0.0.3-45-g6b77131c-dirty,mfw_nrf91x1_2.0.1,−90
147426,359404230082423,2025-05-19,04:01:13.371352,t,0,27,v0.0.3-45-g6b77131c-dirty,mfw_nrf91x1_2.0.1,−98
146454,359404230082423,2025-05-18,04:01:13.529259,t,0,27,v0.0.3-45-g6b77131c-dirty,mfw_nrf91x1_2.0.1,−92
146166,359404230082423,2025-05-17,20:06:12.896488,t,0,14,v0.0.3-45-g6b77131c-dirty,mfw_nrf91x1_2.0.1,−85
146160,359404230082423,2025-05-17,19:59:41.270257,t,0,18,v0.0.3-45-g6b77131c-dirty,mfw_nrf91x1_2.0.1,−93
145524,359404230082423,2025-05-17,04:01:08.490466,t,0,22,v0.0.3-45-g6b77131c-dirty,mfw_nrf91x1_2.0.1,−93
144506,359404230082423,2025-05-16,04:00:55.191932,t,0,9,v0.0.3-45-g6b77131c-dirty,mfw_nrf91x1_2.0.1,−93
143673,359404230082423,2025-05-15,04:01:14.730161,t,0,28,v0.0.3-45-g6b77131c-dirty,mfw_nrf91x1_2.0.1,−96
143232,359404230082423,2025-05-14,15:05:07.128845,t,0,39862,v0.0.3-45-g6b77131c-dirty,mfw_nrf91x1_2.0.1,−86
142664,359404230082423,2025-05-14,04:01:11.588559,t,0,25,v0.0.3-45-g6b77131c-dirty,mfw_nrf91x1_2.0.1,−93
141503,359404230082423,2025-05-13,07:02:57.179089,t,16,2896,v0.0.3-45-g6b77131c-dirty,mfw_nrf91x1_2.0.1,−88
140449,359404230082423,2025-05-12,04:01:07.02478,t,0,20,v0.0.3-45-g6b77131c-dirty,mfw_nrf91x1_2.0.1,−93
139371,359404230082423,2025-05-11,04:01:08.253898,t,0,21,v0.0.3-45-g6b77131c-dirty,mfw_nrf91x1_2.0.1,−94
138185,359404230082423,2025-05-10,04:00:56.619967,t,0,10,v0.0.3-45-g6b77131c-dirty,mfw_nrf91x1_2.0.1,−96
137144,359404230082423,2025-05-09,05:30:13.047312,t,0,5366,v0.0.3-45-g6b77131c-dirty,mfw_nrf91x1_2.0.1,−86
137092,359404230082423,2025-05-09,04:01:13.186662,t,0,26,v0.0.3-45-g6b77131c-dirty,mfw_nrf91x1_2.0.1,−95
136849,359404230082423,2025-05-08,19:26:57.915411,t,0,29,v0.0.3-45-g6b77131c-dirty,mfw_nrf91x1_2.0.1,−91
136183,359404230082423,2025-05-08,04:01:13.339147,t,0,26,v0.0.3-45-g6b77131c-dirty,mfw_nrf91x1_2.0.1,−95
135279,359404230082423,2025-05-07,04:01:21.98517,t,0,35,v0.0.3-45-g6b77131c-dirty,mfw_nrf91x1_2.0.1,−85
134374,359404230082423,2025-05-06,04:01:19.776341,t,0,33,v0.0.3-45-g6b77131c-dirty,mfw_nrf91x1_2.0.1,−91
134352,359404230082423,2025-05-06,03:34:37.298842,t,0,24,v0.0.3-45-g6b77131c-dirty,mfw_nrf91x1_2.0.1,−92
133523,359404230082423,2025-05-05,04:00:32.306411,t,0,25,v0.0.3-45-g6b77131c-dirty,mfw_nrf91x1_2.0.1,−92
132641,359404230082423,2025-05-04,04:00:54.012617,t,0,7,v0.0.3-45-g6b77131c-dirty,mfw_nrf91x1_2.0.1,−85
131886,359404230082423,2025-05-03,07:59:49.565428,t,16,143,v0.0.3-45-g6b77131c-dirty,mfw_nrf91x1_2.0.1,−96
131218,359404230082423,2025-05-02,08:47:13.775409,t,0,17187,v0.0.3-45-g6b77131c-dirty,mfw_nrf91x1_2.0.1,−91
131022,359404230082423,2025-05-02,04:01:12.089153,t,0,25,v0.0.3-45-g6b77131c-dirty,mfw_nrf91x1_2.0.1,−93
130080,359404230082423,2025-05-01,04:00:55.605315,t,0,8,v0.0.3-45-g6b77131c-dirty,mfw_nrf91x1_2.0.1,−97
129142,359404230082423,2025-04-30,04:01:08.008632,t,0,21,v0.0.3-45-g6b77131c-dirty,mfw_nrf91x1_2.0.1,−93
128169,359404230082423,2025-04-29,04:01:10.89258,t,0,24,v0.0.3-45-g6b77131c-dirty,mfw_nrf91x1_2.0.1,−94
127059,359404230082423,2025-04-28,08:03:02.09092,t,16,12,v0.0.3-45-g6b77131c-dirty,mfw_nrf91x1_2.0.1,−87
126835,359404230082423,2025-04-28,04:01:05.697126,t,0,18,v0.0.3-45-g6b77131c-dirty,mfw_nrf91x1_2.0.1,−96
125637,359404230082423,2025-04-27,04:01:04.383857,t,0,17,v0.0.3-45-g6b77131c-dirty,mfw_nrf91x1_2.0.1,−95
125221,359404230082423,2025-04-26,19:34:21.690711,t,0,26,v0.0.3-45-g6b77131c-dirty,mfw_nrf91x1_2.0.1,−84
124376,359404230082423,2025-04-26,04:01:22.148807,t,0,35,v0.0.3-45-g6b77131c-dirty,mfw_nrf91x1_2.0.1,−92
123300,359404230082423,2025-04-25,08:45:57.501587,t,2,1722,v0.0.3-45-g6b77131c-dirty,mfw_nrf91x1_2.0.1,−83
121053,359404230082423,2025-04-23,14:38:51.028618,t,0,13,v0.0.3-45-g6b77131c-dirty,mfw_nrf91x1_2.0.1,−80
112127,359404230082423,2025-04-15,07:46:20.406785,t,0,76293,v0.0.3-45-g6b77131c-dirty,mfw_nrf91x1_2.0.1,−80
112120,359404230082423,2025-04-15,07:38:08.403221,t,0,75801,v0.0.3-45-g6b77131c-dirty,mfw_nrf91x1_2.0.1,−83
111558,359404230082423,2025-04-14,17:29:33.608837,t,0,24885,v0.0.3-45-g6b77131c-dirty,mfw_nrf91x1_2.0.1,−71
111474,359404230082423,2025-04-14,16:01:23.901586,t,0,19595,v0.0.3-45-g6b77131c-dirty,mfw_nrf91x1_2.0.1,−79
111200,359404230082423,2025-04-14,10:35:02.006671,t,0,13,v0.0.3-45-g6b77131c-dirty,mfw_nrf91x1_2.0.1,−74
109381,359404230082423,2025-04-12,13:10:45.659614,t,0,236,v0.0.3-45-g6b77131c-dirty,mfw_nrf91x1_2.0.1,−66
108565,359404230082423,2025-04-11,15:19:31.846526,t,0,235,v0.0.3-45-g6b77131c-dirty,mfw_nrf91x1_2.0.1,−80
106524,359404230082423,2025-04-09,13:49:33.492914,t,0,32,v0.0.3-45-g6b77131c-dirty,mfw_nrf91x1_2.0.1,−71
106480,359404230082423,2025-04-09,12:49:28.214397,t,0,14,v0.0.3-45-g6b77131c-dirty,mfw_nrf91x1_2.0.1,−86
106258,359404230082423,2025-04-09,07:55:37.129654,t,0,38,v0.0.3-45-g6b77131c-dirty,mfw_nrf91x1_2.0.1,−83
106224,359404230082423,2025-04-09,07:18:03.579591,t,0,21,v0.0.3-45-g6b77131c-dirty,mfw_nrf91x1_2.0.1,−86
105777,359404230082423,2025-04-08,17:42:48.487385,t,0,33,v0.0.3-45-g6b77131c-dirty,mfw_nrf91x1_2.0.1,−91
105732,359404230082423,2025-04-08,16:55:17.443554,t,0,36,v0.0.3-45-g6b77131c-dirty,mfw_nrf91x1_2.0.1,−93
105658,359404230082423,2025-04-08,15:13:23.740051,t,2,249,v0.0.3-45-g6b77131c-dirty,mfw_nrf91x1_2.0.1,−86